{
  "korquad1": {
    "bm25": {
      "num_queries": 5774,
      "hard_count": 121,
      "hard_rate": 0.020956009698649115,
      "recall_at_10": 0.9790439903013509,
      "mrr": 0.90718457397969,
      "avg_gold_rank": 1.269414470192818
    },
    "dense": {
      "num_queries": 5774,
      "hard_count": 170,
      "hard_rate": 0.029442327675788017,
      "recall_at_10": 0.970557672324212,
      "mrr": 0.8471917764912222,
      "avg_gold_rank": 1.4801927194860813
    },
    "hybrid": {
      "num_queries": 5774,
      "hard_count": 79,
      "hard_rate": 0.013682022861101489,
      "recall_at_10": 0.9863179771388985,
      "mrr": 0.9183414567766837,
      "avg_gold_rank": 1.2505706760316067
    }
  },
  "klue_mrc": {
    "bm25": {
      "num_queries": 5841,
      "hard_count": 462,
      "hard_rate": 0.07909604519774012,
      "recall_at_10": 0.9209039548022598,
      "mrr": 0.8290290584075896,
      "avg_gold_rank": 1.427402862985685
    },
    "dense": {
      "num_queries": 5841,
      "hard_count": 825,
      "hard_rate": 0.14124293785310735,
      "recall_at_10": 0.8587570621468926,
      "mrr": 0.7244194704646681,
      "avg_gold_rank": 1.6778309409888357
    },
    "hybrid": {
      "num_queries": 5841,
      "hard_count": 357,
      "hard_rate": 0.06111967128916281,
      "recall_at_10": 0.9388803287108372,
      "mrr": 0.8361253780745306,
      "avg_gold_rank": 1.4779358132749818
    }
  },
  "korquad2": {
    "bm25": {
      "num_queries": 5869,
      "hard_count": 1734,
      "hard_rate": 0.29545067302777306,
      "recall_at_10": 0.7045493269722269,
      "mrr": 0.5600662074337317,
      "avg_gold_rank": 1.879081015719468
    },
    "dense": {
      "num_queries": 5869,
      "hard_count": 1260,
      "hard_rate": 0.21468734026239564,
      "recall_at_10": 0.7853126597376043,
      "mrr": 0.6618385679937904,
      "avg_gold_rank": 1.7192449555218052
    },
    "hybrid": {
      "num_queries": 5869,
      "hard_count": 1079,
      "hard_rate": 0.18384733344692453,
      "recall_at_10": 0.8161526665530755,
      "mrr": 0.6506973687413286,
      "avg_gold_rank": 1.898956158663883
    }
  }
}