{
  "korquad1": {
    "bm25": {
      "num_queries": 10774,
      "recall_at_10": 0.9647299053276406,
      "mrr": 0.890677402388466,
      "missing_gold_count": 0,
      "skipped_count": 0
    },
    "dense": {
      "num_queries": 10774,
      "recall_at_10": 0.9475589381845183,
      "mrr": 0.8236672427154144,
      "missing_gold_count": 0,
      "skipped_count": 0
    },
    "hybrid": {
      "num_queries": 10774,
      "recall_at_10": 0.9792092073510302,
      "mrr": 0.9038010009399465,
      "missing_gold_count": 0,
      "skipped_count": 0
    }
  },
  "klue_mrc": {
    "bm25": {
      "num_queries": 5841,
      "recall_at_10": 0.9209039548022598,
      "mrr": 0.8290290584075896,
      "missing_gold_count": 0,
      "skipped_count": 0
    },
    "dense": {
      "num_queries": 5841,
      "recall_at_10": 0.8587570621468926,
      "mrr": 0.7244194704646681,
      "missing_gold_count": 0,
      "skipped_count": 0
    },
    "hybrid": {
      "num_queries": 5841,
      "recall_at_10": 0.9388803287108372,
      "mrr": 0.8361253780745306,
      "missing_gold_count": 0,
      "skipped_count": 0
    }
  },
  "korquad2": {
    "bm25": {
      "num_queries": 5869,
      "recall_at_10": 0.7072755154200034,
      "mrr": 0.5680484899133744,
      "missing_gold_count": 0,
      "skipped_count": 0
    },
    "dense": {
      "num_queries": 5869,
      "recall_at_10": 0.7444198330209576,
      "mrr": 0.6332130483817326,
      "missing_gold_count": 0,
      "skipped_count": 0
    },
    "hybrid": {
      "num_queries": 5869,
      "recall_at_10": 0.8003066962003749,
      "mrr": 0.6512827014147535,
      "missing_gold_count": 0,
      "skipped_count": 0
    }
  }
}