{
  "korquad1": {
    "bm25": {
      "num_queries": 5774,
      "recall_at_10": 0.9790439903013509,
      "mrr": 0.90718457397969,
      "missing_gold_count": 0,
      "skipped_count": 0
    },
    "dense": {
      "num_queries": 5774,
      "recall_at_10": 0.970557672324212,
      "mrr": 0.8471917764912222,
      "missing_gold_count": 0,
      "skipped_count": 0
    },
    "hybrid": {
      "num_queries": 5774,
      "recall_at_10": 0.9863179771388985,
      "mrr": 0.9183414567766837,
      "missing_gold_count": 0,
      "skipped_count": 0
    }
  },
  "klue_mrc": {
    "bm25": {
      "num_queries": 5841,
      "recall_at_10": 0.9209039548022598,
      "mrr": 0.8290290584075896,
      "missing_gold_count": 0,
      "skipped_count": 0
    },
    "dense": {
      "num_queries": 5841,
      "recall_at_10": 0.8587570621468926,
      "mrr": 0.7244194704646681,
      "missing_gold_count": 0,
      "skipped_count": 0
    },
    "hybrid": {
      "num_queries": 5841,
      "recall_at_10": 0.9388803287108372,
      "mrr": 0.8361253780745306,
      "missing_gold_count": 0,
      "skipped_count": 0
    }
  },
  "korquad2": {
    "bm25": {
      "num_queries": 5869,
      "recall_at_10": 0.7045493269722269,
      "mrr": 0.5600662074337317,
      "missing_gold_count": 0,
      "skipped_count": 0
    },
    "dense": {
      "num_queries": 5869,
      "recall_at_10": 0.7853126597376043,
      "mrr": 0.661838567993792,
      "missing_gold_count": 0,
      "skipped_count": 0
    },
    "hybrid": {
      "num_queries": 5869,
      "recall_at_10": 0.8161526665530755,
      "mrr": 0.6506973687413304,
      "missing_gold_count": 0,
      "skipped_count": 0
    }
  }
}